{
    "USDB": 21.79588618,
    "UNI": 0.70062425,
    "ETH": 0.0028285,
    "BTC": 0.00010397,
    "LINK": 0.42935598,
    "LTC": 0.07202166
}