{
    "USDB": 15.78650792,
    "UNI": 0.437965,
    "ETH": 0.00176654,
    "BTC": 6.499e-05,
    "LINK": 0.26823652,
    "LTC": 0.04503052
}