{
    "USDB": 23.41287255,
    "UNI": 0.61122841,
    "ETH": 0.00246842,
    "BTC": 9.074e-05,
    "LINK": 0.37461581,
    "LTC": 0.0628723
}