{
    "USDB": 23.2956232,
    "UNI": 0.67400009,
    "ETH": 0.00272049,
    "BTC": 0.0001,
    "LINK": 0.41304561,
    "LTC": 0.06927902
}