{
    "USDB": 17.59771526,
    "UNI": 0.47254455,
    "ETH": 0.00190649,
    "BTC": 7.012e-05,
    "LINK": 0.28930024,
    "LTC": 0.04859198
}